{
  "type": "postgres",
  "host": "synk-db",
  "port": 5432,
  "username": "synk-db-user",
  "password": "synk-db-user-pass",
  "database": "synk",
  "synchronize": true,
  "logging": false,
  "entities": [
    "src/domain/entity/**/*.ts",
    "src/dist/domain/entity/**/*.js"
  ],
  "migrations": [
    "src/migration/**/*.ts",
    "src/dist/migration/**/*.js"
  ],
  "cli": {
    "entitiesDir": "src/domain/entity",
    "migrationsDir": "src/migration",
    "subscribersDir": "src/subscriber"
  }
}
